Entropy_Samples,Complexity_Samples,Standard_Deviation_Values,Mean_Values
6.642012426801958,43.885052660916436,43.885052660916436,0.44863644613198506
6.6506600548596575,44.86086623555873,44.86086623555873,-1.8726298119547005
6.655393547040298,44.85631943069515,44.85631943069515,-0.5489304577276654
6.642076997565489,45.51923031096555,45.51923031096555,1.4652438194741189
6.642851402629353,45.28283427113992,45.28283427113992,-0.972451981019181
6.63570087626893,45.66254098688726,45.66254098688726,0.44329100392972076
6.638469894693422,44.738476804560094,44.738476804560094,0.5363957310595022
6.6523638236863185,45.796115629103,45.796115629103,-0.8843630884039854
6.6545261974172325,45.12103861987088,45.12103861987088,-1.1081937495208016
6.644015985180586,43.19970459431055,43.19970459431055,-0.1775195759968592
6.684504548074088,45.00052019458888,45.00052019458888,1.7802834919670631
6.670261097073969,44.46951105002399,44.46951105002399,2.5208613460713654
6.65563175564996,45.45642719882686,45.45642719882686,0.608643535217621
6.656281207272891,45.77592908924182,45.77592908924182,-1.86410690564126
6.63917708854501,47.63751231995802,47.63751231995802,-1.6837965829730073
6.657101464162242,44.76751049374804,44.76751049374804,-0.22692827151506534
6.641971802324546,44.85416874448932,44.85416874448932,-0.28372339637958943
6.643970311769369,44.680883481908346,44.680883481908346,0.8453957284564639
6.6670681382399986,44.36275859218072,44.36275859218072,-0.21497858782755125
6.629459722542296,45.45392987369454,45.45392987369454,-1.6643081459465938
6.645002982325659,45.1474773346425,45.1474773346425,-1.1380323717596414
6.642194551629086,45.99096326587933,45.99096326587933,-1.8894257018214589
6.6652864780704375,44.1617732465198,44.1617732465198,-0.7230586988830661
6.640054296837662,45.165934605142596,45.165934605142596,-2.1972759077170863
6.658826355194975,45.09757005793333,45.09757005793333,3.0662398450339836
6.639108245496816,45.22042361567994,45.22042361567994,1.5533460234537166
6.64013997180096,43.66888247034451,43.66888247034451,-1.4843252420960786
6.631998899589858,46.0628763790908,46.0628763790908,0.04087805574718323
6.6213907422658185,43.4475251157903,43.4475251157903,-0.5937216450896652
6.652555885050462,46.149528678405,46.149528678405,1.1841671854044595
6.6452789502235925,44.100445704724635,44.100445704724635,1.1817691120906735
6.63522355707809,46.26821398370815,46.26821398370815,-1.345856318075913
6.641937048641535,44.68920135445498,44.68920135445498,0.6888880624557164
6.667127083902283,44.6402579963036,44.6402579963036,0.5484430102067421
6.640307466111834,46.27452150063451,46.27452150063451,-1.2246426017919916
6.640809580716747,44.9869035228248,44.9869035228248,3.605074936608921
6.645205049291718,45.8714814640646,45.8714814640646,0.6184050961835588
6.65350071426952,45.1302093861376,45.1302093861376,-0.8077095190766709
6.636197861819168,44.934816935644314,44.934816935644314,0.2667144613975907
6.6313790869000115,45.48308939426843,45.48308939426843,-1.8751814230049364
6.64454821048529,45.641917920875926,45.641917920875926,-0.7197728475291005
6.654225529110725,44.65722598472366,44.65722598472366,-1.6150299542162034
6.66640733712977,45.70302328148093,45.70302328148093,-1.3708466753258883
6.646371689377774,44.52151249774136,44.52151249774136,0.7241259461887233
6.643180997023402,46.31615760523117,46.31615760523117,1.077388813868246
6.630643309161146,47.00875870260027,47.00875870260027,-0.06499231518899462
6.642820579745058,47.658063704735575,47.658063704735575,0.1304480715758083
6.648264510455536,44.062710129224165,44.062710129224165,-1.6964764855239225
6.638227358888905,43.54267490757309,43.54267490757309,-1.1203657216820366
6.638050771752527,44.627579612642386,44.627579612642386,2.2377688445749904
6.6313679541117825,45.51516669619137,45.51516669619137,1.152703577685985
6.655654415474169,45.38092012023487,45.38092012023487,-0.270371498352019
6.651664404340183,44.535487952925806,44.535487952925806,-0.3709998399635329
6.646248584372508,46.43415394850671,46.43415394850671,0.04733900021191981
6.648334318440636,44.99462283216355,44.99462283216355,-0.14734219906771018
6.634415374185625,45.83579549353771,45.83579549353771,-3.392830680820664
6.647770052181281,44.79070802762955,44.79070802762955,-0.12357647179815223
6.649456190331105,44.733976704133255,44.733976704133255,-0.7549817392887554
6.654488149126046,45.61440616784702,45.61440616784702,-1.3823255408033541
6.646471474130997,45.09366555892896,45.09366555892896,1.3365931950066297
6.644486119964336,44.330626397816786,44.330626397816786,2.6918908750676365
6.641065268082601,43.84219329290893,43.84219329290893,-3.069122442000971
6.638232891951493,46.658511187241324,46.658511187241324,-0.5697806691914511
6.6283657285708575,44.454476660949496,44.454476660949496,-1.6277489445288669
6.645229991855482,43.65352863096737,43.65352863096737,-0.041567753201405044
6.660803653448201,44.84847851346713,44.84847851346713,0.5049916841988809
6.667583033483889,44.019511046989614,44.019511046989614,0.24859711042589572
6.643659556408656,45.07966606631714,45.07966606631714,3.316681401720453
6.6558172404974,43.05174668839996,43.05174668839996,0.05431506600023883
6.648169932207964,46.4101806946754,46.4101806946754,-1.6728280549381447
6.6407020976537465,44.92108456372903,44.92108456372903,-1.4317115058780583
6.640096472849598,44.30075054728659,44.30075054728659,0.07157483249909724
6.632796492143818,46.06669631028052,46.06669631028052,-1.305998976946799
6.657253080688813,46.50294313482888,46.50294313482888,0.7500028214879257
6.662758094467389,45.37951146530929,45.37951146530929,-2.2500781948345505
6.654313721245158,45.6949361655331,45.6949361655331,-0.9736133964668746
6.651367434654273,45.017260830456294,45.017260830456294,0.8979194203330909
6.63674117078786,46.51135628921356,46.51135628921356,-0.7096687795214347
6.665756063978684,44.781286479310936,44.781286479310936,1.2246488684335914
6.635171299686288,44.14596582889978,44.14596582889978,-1.2490334235651208
6.660719930193366,44.07269486633937,44.07269486633937,-0.2284858956567073
6.664565640515764,47.2588630021779,47.2588630021779,0.5121375008385953
6.660471054879298,44.9470289093778,44.9470289093778,-0.34177946031230344
6.656025697185916,45.200115564662696,45.200115564662696,1.4146993871600713
6.65514372099552,44.36137519941423,44.36137519941423,0.5608899505945535
6.638076631989767,45.978600563636576,45.978600563636576,1.0914631478813444
6.6433344598614115,44.73209299209242,44.73209299209242,3.046012152558365
6.65138047281128,46.10506369582619,46.10506369582619,-1.135141743927293
6.6561349611039216,46.66162762722964,46.66162762722964,-1.3892565285209324
6.663571759945647,45.440524274429855,45.440524274429855,0.09032074942440937
6.65404751728814,44.57470849527979,44.57470849527979,0.2185260507124438
6.64461142371324,45.43886295792637,45.43886295792637,-2.6560676552434437
6.647208638534988,44.30220242014225,44.30220242014225,-1.1928617969375281
6.648788999642354,44.16130877192009,44.16130877192009,-0.6052487096515272
6.644034255280024,45.684385035812674,45.684385035812674,0.89173113068945
6.635517083036647,46.12269142369849,46.12269142369849,-0.48628073272583505
6.663048119880653,45.49044643656694,45.49044643656694,-0.5447926419909335
6.6594791346922,46.38253575169116,46.38253575169116,1.3573293875413541
6.658486564221787,46.027337824315964,46.027337824315964,-0.3744570214519026
6.646833591858999,46.15702621208393,46.15702621208393,0.7449971548590987
6.644598787561156,46.69920412124562,46.69920412124562,-0.7571257468661007
6.661783254951478,44.788394467401645,44.788394467401645,-0.6876368894757873
6.668203008541589,46.28375053278527,46.28375053278527,1.6280377290912593
6.6422464350603665,45.93043147544666,45.93043147544666,2.195085357810341
6.65177730880869,45.053755183211955,45.053755183211955,2.1285038617574017
6.639887240709264,44.83892874811211,44.83892874811211,-1.1238994039942
6.639553496659963,43.17814411159215,43.17814411159215,-1.0488844876481294
6.649891269056309,45.5654833015702,45.5654833015702,0.004741648648326935
6.634144736686529,43.69044340312034,43.69044340312034,3.261122042777335
6.6725870231341435,46.23454829748538,46.23454829748538,-0.3187170861143285
6.667821819935941,45.09364802864867,45.09364802864867,-0.41077116984199535
6.667354360104957,45.56964313586747,45.56964313586747,-1.9140307818661022
6.630220525689971,45.92245023647421,45.92245023647421,-1.132859107664578
6.6465110135067915,45.559448454294305,45.559448454294305,1.1949364721603102
6.6376591613138345,45.72839737859299,45.72839737859299,-1.5374875546812854
6.63411689639902,44.666004187700324,44.666004187700324,-1.787069122680894
6.653113014623903,44.00030597178327,44.00030597178327,0.4083129779602829
6.638601898545536,44.69684537106031,44.69684537106031,1.117243799546464
6.640364237930662,45.809570341113556,45.809570341113556,-0.41614977102294815
6.644634029341355,46.174952493701696,46.174952493701696,-0.5136618557497867
6.655035300330479,44.469622898504966,44.469622898504966,-1.6608632682123226
6.657476416532923,46.117991718218576,46.117991718218576,-1.7927432171441002
6.64158144963699,44.20902052365041,44.20902052365041,-0.08318142950360108
6.642391863526156,46.7592000157772,46.7592000157772,2.0562013280252796
6.634043333869135,45.07670064269829,45.07670064269829,-0.49849452993012944
6.64449416923372,47.861470743673735,47.861470743673735,-0.6054781809015615
6.630876179654447,44.09435560079018,44.09435560079018,0.3183102923313361
6.618508260208914,45.9486261594285,45.9486261594285,-0.7632941300212741
6.669535612581785,45.331877772193515,45.331877772193515,1.580851670753082
6.645278311382686,47.08345598636858,47.08345598636858,-0.18369912373537434
6.640090569279984,45.89613103816399,45.89613103816399,0.5785222706990439
6.644686860726445,45.517975528789016,45.517975528789016,0.5674513688436085
6.633890114075287,46.67856373560765,46.67856373560765,0.9388158638510024
6.641589867899791,43.80874486117748,43.80874486117748,-1.3177876886300317
6.646301250267047,44.04005738999767,44.04005738999767,-0.27153737604400496
6.657175372390803,43.75430815204864,43.75430815204864,-0.4869462081453661
6.645525647373891,45.75153596748584,45.75153596748584,-2.3892105888952253
6.6422899585630795,45.08465435217499,45.08465435217499,1.6620594214626039
6.6537326459572945,44.921013348207204,44.921013348207204,-0.1791380227324026
6.656111068046632,44.16014591167255,44.16014591167255,0.1658733149332129
6.640715052578971,44.89514636507851,44.89514636507851,0.8675172984009059
6.6388975862009225,44.85955305827054,44.85955305827054,-0.8220518137651269
6.641734568646631,45.84600791384078,45.84600791384078,-0.17476283989630548
6.648653270726826,44.18419641445513,44.18419641445513,2.414893802525882
6.65425914868103,44.225511331143984,44.225511331143984,0.657001846046396
6.653585309667387,44.93123262392407,44.93123262392407,3.4660602070808157
6.6511802094376495,42.18255875121627,42.18255875121627,-0.5112537306168868
6.642134594410685,45.77394443311505,45.77394443311505,-1.460139872835489
6.658209959608591,46.19360331504106,46.19360331504106,0.7670598846989587
6.655404623506315,46.37555962914956,46.37555962914956,0.6435517141146828
6.661792279635706,43.97111535055869,43.97111535055869,-0.17131629679062477
6.6363195781961055,44.500027173965265,44.500027173965265,-1.2623963495657826
6.654388810128525,45.89385398252029,45.89385398252029,0.32543675011520157
6.644868686956777,44.59573247160936,44.59573247160936,-0.3919503592777934
6.646083784767182,43.97520945902131,43.97520945902131,-1.1624795741232266
6.63886426652363,45.57669254798176,45.57669254798176,-0.6685686357867919
6.638349055504358,44.048753349371374,44.048753349371374,0.7074172888407837
6.66584265654944,43.96568191338504,43.96568191338504,1.3035550673946497
6.660413279598057,45.854053591424524,45.854053591424524,1.9784291101573697
6.666391890789577,45.63544214726304,45.63544214726304,2.855843542571807
6.646530966664004,44.686144422006855,44.686144422006855,1.485285925814137
6.657752559085326,45.011818280808264,45.011818280808264,-0.5133958437608315
6.635806072644202,44.97833509184647,44.97833509184647,-1.8838685365812844
6.663565440504173,44.734111655158486,44.734111655158486,1.7104481384881243
6.646436483563367,44.36506197611163,44.36506197611163,0.5278660741961371
6.652530987707786,45.03638971276283,45.03638971276283,0.8857423074948381
6.658194623826462,44.41895133705912,44.41895133705912,1.6389570457901865
6.638986774687002,45.58809074228297,45.58809074228297,0.1826252291227921
6.655574816746217,44.31847174071035,44.31847174071035,0.22683186487482854
6.63892717320445,44.5057586693465,44.5057586693465,0.4033533427685728
6.629508232683681,44.24743178399591,44.24743178399591,-1.761746377547547
6.6574954010005225,46.674475888315065,46.674475888315065,0.7532656000515214
6.637840248492733,45.84344890973211,45.84344890973211,-0.7465527879236691
6.6459976647356935,46.27308904835077,46.27308904835077,1.062623760596305
6.642348900422887,44.44878653838947,44.44878653838947,0.6463742237150825
6.642970801140629,46.11065941877949,46.11065941877949,-0.5070379494619898
6.655010113287714,43.39320070633869,43.39320070633869,-1.938631354475301
6.646161332347003,45.94727727021146,45.94727727021146,0.5438299945427247
6.642388725356823,44.34163481335585,44.34163481335585,-1.4913576836861178
6.643327445445454,42.839865189388355,42.839865189388355,-1.5688850951972821
6.643815708334439,44.051386792345625,44.051386792345625,0.6219061856404946
6.646892172324749,44.15102719411815,44.15102719411815,-0.45482669001365994
6.667434509136678,45.586232666092855,45.586232666092855,2.370016715605984
6.634647975387065,45.98028912178635,45.98028912178635,0.9521553282437001
6.649200921478217,46.76780693667496,46.76780693667496,0.20573341561760217
6.640075174077815,44.99186883659859,44.99186883659859,-0.18192264998908164
6.62321605232443,44.260853152359104,44.260853152359104,0.16203095725915984
6.645899855530749,45.33406048878789,45.33406048878789,0.07504153003385455
6.65071581709458,44.151513998413904,44.151513998413904,-0.5601882251169674
6.646119062226046,46.56731273742574,46.56731273742574,-0.9648799429184569
6.647073376319197,45.27979342387551,45.27979342387551,1.4951707909915761
6.636974177628021,45.1816864441481,45.1816864441481,-0.6375673418950262
6.6423896216234075,45.16440169999571,45.16440169999571,-0.5367444492747018
6.658917214671256,46.8219080488696,46.8219080488696,-3.4361264522872075
6.6523628722573305,46.93981499019027,46.93981499019027,2.7126303047248355
6.645681711665153,45.80675623049481,45.80675623049481,-0.47062412503187245
6.635991878845091,43.04860342562993,43.04860342562993,-1.6878091567927314
6.646932268074908,45.893614395322565,45.893614395322565,-0.6170362611762548
6.648169732910272,45.13682352544054,45.13682352544054,1.7538845039101107
6.633763925371191,44.820103609103555,44.820103609103555,-1.3105131825206808
6.642501774041693,44.34213042494829,44.34213042494829,-1.7320500325353214
6.65564959834807,44.63670500944674,44.63670500944674,0.09696827528539531
6.654469843158993,45.43276332386747,45.43276332386747,-0.6345186955171469
6.647802359703601,45.42552284817822,45.42552284817822,-1.6016469027025348
6.6622450685097,45.02717966935146,45.02717966935146,2.64836184860666
6.657776896534699,44.35522714486729,44.35522714486729,0.87947241691382
6.638644359052168,43.28349600730376,43.28349600730376,-1.6780717544011565
6.6553081612742115,45.13826930835417,45.13826930835417,3.0672570366234426
6.660920349701968,45.75312698859483,45.75312698859483,1.460085551126219
6.645408806737164,45.553015148720796,45.553015148720796,-1.4249042649931236
6.640264648090456,46.73628074353426,46.73628074353426,-2.4297725637905416
6.663835730450586,43.29272366263809,43.29272366263809,0.38075379765253703
6.658143870308131,44.54817341437275,44.54817341437275,-1.0334280086348948
6.648020505733554,45.26934162822096,45.26934162822096,1.0137308765561504
6.639826780589443,44.916618594043214,44.916618594043214,1.5889178526432284
6.650182874928422,46.886387745810936,46.886387745810936,-0.06440885268654961
6.631307275668318,45.68873694589868,45.68873694589868,-2.492539379687817
6.639660384563754,45.07833282831314,45.07833282831314,1.5635742334887925
6.64831750508874,45.72807112143213,45.72807112143213,0.5491947622608916
6.650555379910648,45.10489780260181,45.10489780260181,1.3622416169454103
6.634602366293799,45.90384261161123,45.90384261161123,1.3477473113029084
6.649576201549433,44.691802210682845,44.691802210682845,1.8088215277417499
6.638454702070602,45.41860093887216,45.41860093887216,0.6759412087149438
6.652766706369146,45.288696369060744,45.288696369060744,-1.3484692470944166
6.6666355937233535,44.22325901944243,44.22325901944243,1.0639141444889846
6.6509152676085,44.86290327362592,44.86290327362592,3.6936704514395693
6.645174281610608,45.06944623037758,45.06944623037758,-0.2957247772615217
6.643238766710523,45.82012841969647,45.82012841969647,0.5373308339991694
6.661156818582503,45.11808769791067,45.11808769791067,-0.9854548061862267
6.6442376758565995,44.42677985022722,44.42677985022722,-0.5770510928669927
6.634960264689828,46.34388888373991,46.34388888373991,1.5325044458254669
6.631296751833509,42.894049103797414,42.894049103797414,0.4849400598420447
6.6310445920482515,46.06030478557147,46.06030478557147,-1.0082468434866771
6.639183151123823,43.88178240788413,43.88178240788413,1.086356059299546
6.658698796618807,45.77703177319545,45.77703177319545,3.364247697617095
6.634456981347618,45.455026227642875,45.455026227642875,-1.1141569687721564
6.635457706314353,45.75603392750944,45.75603392750944,-0.5599263058467334
6.639598344320525,42.59227772692432,42.59227772692432,-1.7859595711336973
6.653073116307035,44.768416357222335,44.768416357222335,-1.4570121487957683
6.6590641916642905,45.22018111517896,45.22018111517896,-0.6478353835862043
6.6343467061934485,44.77834542082228,44.77834542082228,0.5010522038616877
6.648298063004139,45.79249280957643,45.79249280957643,0.18829995980195613
6.672246404986053,44.88571853748945,44.88571853748945,1.3615366421753954
6.659244488175709,44.39268323472501,44.39268323472501,-0.27735678590256374
6.644195614866643,44.38317137832824,44.38317137832824,0.964724804537501
6.663837132113127,45.86765614992199,45.86765614992199,-1.4753999742411328
6.648751914635649,44.66798796862086,44.66798796862086,0.17508560660790523
6.658796469543484,46.000346716887115,46.000346716887115,2.6210470373728487
6.6549653508256466,47.813029109939244,47.813029109939244,0.10653430255983748
6.648921742233607,44.13411139901803,44.13411139901803,1.734240873064624
6.660257355425776,45.274156713406846,45.274156713406846,1.6142033061243226
6.649559291575571,44.957448163913284,44.957448163913284,-0.916751232024524
6.645190751230622,45.08039299584452,45.08039299584452,-0.27486511769276434
6.646567353873879,46.17079723319486,46.17079723319486,-1.5969092428186769
6.632233263271195,45.75165589165657,45.75165589165657,1.320290885726665
6.65575331536753,43.9024870952399,43.9024870952399,0.5768798034321435
6.658526257052252,44.748797867595606,44.748797867595606,0.16456339101673578
6.659089326425634,44.578359923765404,44.578359923765404,-1.2215975270092547
6.636997314201881,46.53912528065548,46.53912528065548,1.8632977729888864
6.634500354702849,46.26590369578529,46.26590369578529,-1.2167607551577586
6.6537713817240345,45.34757404357281,45.34757404357281,-2.429901599990251
6.655270038617665,46.57339436595809,46.57339436595809,1.0119715895398458
6.66482989666142,45.43791140398088,45.43791140398088,-3.631251404901099
6.646711530996781,43.89430067323581,43.89430067323581,-0.5169696059945705
6.669865675613792,44.65346953816639,44.65346953816639,-0.5720709316887546
6.644153287670708,45.65052403150681,45.65052403150681,0.7364240698457304
6.646701303075805,45.35369140227658,45.35369140227658,-1.8773681302117848
6.658344122245965,44.8018715758361,44.8018715758361,-0.08835727099529955
6.640391372517522,44.53696729298668,44.53696729298668,0.6454241848718826
6.642721385475321,45.619999606749666,45.619999606749666,-3.578415968329618
6.665925827728227,45.68105587409844,45.68105587409844,-0.34795329167447536
6.6518343788928425,43.6595709151337,43.6595709151337,1.113342893655966
6.650997623178916,44.63537632249184,44.63537632249184,1.409462781453604
6.647168358016398,44.88478099245391,44.88478099245391,0.6181648837368321
6.63828842067911,44.707365179064176,44.707365179064176,-0.09230506815941864
6.65001116219274,45.6826503439099,45.6826503439099,-0.6531127144161042
6.654885350722021,44.379780660966716,44.379780660966716,0.7612759097984104
6.666586877330816,45.988287181888914,45.988287181888914,3.771113068204955
6.652044897517387,44.92132117672534,44.92132117672534,0.6614723258143838
6.653216419337095,45.86197372198811,45.86197372198811,-0.5539394477637676
6.649912903013693,44.80183891996059,44.80183891996059,-1.0231121698445178
6.6454190725886315,45.527916346878,45.527916346878,0.5639777974279978
6.649823952946412,45.19806136104958,45.19806136104958,-0.7789720387686
6.656142639365181,43.651832058299206,43.651832058299206,0.349209989525777
6.653101499335154,44.31739289739282,44.31739289739282,-0.07263395355781699
6.636533640326971,43.41830470729634,43.41830470729634,1.6188813956096209
6.652555497984054,47.245498654434314,47.245498654434314,-0.6255100445127812
6.640594178740109,44.11899776833213,44.11899776833213,-1.5863735646059598
6.639449335181954,44.39189746867425,44.39189746867425,-1.263911140428148
6.663629563223374,47.14927177056664,47.14927177056664,-0.4060147622082174
6.644170040080339,45.65197125482637,45.65197125482637,-2.201852195279932
6.661277225612377,45.712260461663774,45.712260461663774,-1.3407572620773085
6.6483983981447325,45.12433718950517,45.12433718950517,1.399636565435629
6.646215008007754,45.61082830044232,45.61082830044232,1.7109508304680605
6.63460443652903,45.10024862762493,45.10024862762493,0.9859694929052376
6.6397336501793625,43.88260685747805,43.88260685747805,-2.0621539240498166
6.653495735620112,44.757225641131505,44.757225641131505,3.421844634107238
6.6436489502194425,43.841537955327716,43.841537955327716,2.378902820711527
6.629873630033748,44.4549156309953,44.4549156309953,-0.5244418251554919
6.659987480367349,45.10968851371505,45.10968851371505,-0.4558468176575297
6.62755982483118,44.06307842278226,44.06307842278226,0.41041837872538195
6.637478667532555,45.840506151899845,45.840506151899845,2.237182381659976
6.647507874541546,45.93217159455312,45.93217159455312,0.2808190885220834
6.674211629693438,43.43044931737396,43.43044931737396,-0.21542511980925516
6.638753392314451,45.85336989419718,45.85336989419718,-1.8456931404010584
6.651922355471481,44.420102864935366,44.420102864935366,-1.0310890993727437
6.6435766738576,47.41291285029199,47.41291285029199,0.9047067308979189
6.6485138625119795,44.079803177351195,44.079803177351195,1.3668343258827393
6.640474417400748,45.83393880022925,45.83393880022925,-0.9639550963798889
6.625413020130914,44.49546546907433,44.49546546907433,2.67277342165103
6.6505418821222415,46.285665976975636,46.285665976975636,0.8848434325037854
6.652408886476344,44.90238608326342,44.90238608326342,1.912911268008633
6.6465691371905,45.25268280915507,45.25268280915507,-1.5622083704518281
6.6401630145243065,44.51884804698398,44.51884804698398,-1.6051907652284754
6.655714282363598,46.095106268970866,46.095106268970866,0.57413212601501
6.672287447926836,46.06387334508042,46.06387334508042,-1.0258494163089713
6.639262021671573,46.211500807344216,46.211500807344216,1.070053435400281
6.660212467165462,45.58379330710507,45.58379330710507,-2.2045586887478708
6.675992602968321,46.39576035085841,46.39576035085841,-2.9157775608391048
6.628713547956262,45.184125224655446,45.184125224655446,0.9701479384752616
6.638312457869316,44.044213349476884,44.044213349476884,0.8443244999075199
6.639559589989704,44.637763926502906,44.637763926502906,-2.4740763639790373
6.641371886720866,46.0845590428599,46.0845590428599,0.7153491092040922
6.641385080307003,43.64041588365946,43.64041588365946,-3.107339384001415
6.641763192151702,43.502234036885454,43.502234036885454,0.29226634470271756
6.654155539180509,45.47043464929358,45.47043464929358,2.3903500794085337
6.637898377045424,45.219291680502586,45.219291680502586,2.067798773098196
6.662295470758312,45.39014532971348,45.39014532971348,-1.1287749840610546
6.649038300811798,45.87981514594393,45.87981514594393,-0.5963699777103124
6.647922437274637,43.941289796914866,43.941289796914866,-4.963295766098611
6.633899539693644,44.37611588762116,44.37611588762116,-3.1287837877473965
6.635848112047487,44.73798947315206,44.73798947315206,-0.20362108112564037
6.64358108813026,44.961316000512596,44.961316000512596,0.38994094545518077
6.64992897160158,45.47389280484317,45.47389280484317,2.3059942782544054
6.644696655191679,43.651860102466856,43.651860102466856,0.2554138372348249
6.651492063960907,43.946188887921714,43.946188887921714,0.42179483776622534
6.656122333644493,43.90076694378228,43.90076694378228,1.4294461995483299
6.649329651314996,44.777197232788076,44.777197232788076,-0.24534694580925487
6.648468865895613,45.459487208098984,45.459487208098984,0.38278906242769356
6.642247756268873,45.88012428687707,45.88012428687707,1.3312089295022034
6.624827965685068,47.48146939375319,47.48146939375319,-1.3255505357128934
6.643030206864095,45.50030617035323,45.50030617035323,-1.1407604498535222
6.656824512132349,46.265503259185245,46.265503259185245,0.7716718565222708
6.650689394521471,45.7939826829308,45.7939826829308,1.8109866924938955
6.6541404515141735,44.702985757396824,44.702985757396824,-0.5752143707714739
6.660775822772405,45.92563689407771,45.92563689407771,-2.37335073706868
6.661731664298977,45.459302102893126,45.459302102893126,-0.9027544434517367
6.627164967617761,45.49908889314769,45.49908889314769,1.2511655644766044
6.658663088069343,43.966478126400666,43.966478126400666,-0.7645745597212228
6.657333583590059,45.88541397738999,45.88541397738999,0.21422940483044317
6.614194055262843,45.64143738509351,45.64143738509351,-0.09673246890413856
6.657471826711863,45.28099442916092,45.28099442916092,0.0962364429354472
6.642414066564872,44.29422151782234,44.29422151782234,4.204188784147536
6.650594189293602,44.07519473830728,44.07519473830728,0.4346600320681481
6.641020175015107,45.195722873927075,45.195722873927075,-2.325837435065388
6.640542739837095,44.50643744184245,44.50643744184245,-1.6186056398084527
6.659175794702747,45.72047081669994,45.72047081669994,-0.4405778762516478
6.656218935624029,46.1532602197166,46.1532602197166,3.7348064683688125
6.652974241174711,46.752076366706994,46.752076366706994,3.4391718664322006
6.6389439551272265,45.33515488320713,45.33515488320713,0.03262062471531002
6.641885817075919,43.69633211509121,43.69633211509121,1.7849709638004876
6.644787205373749,43.41297625221142,43.41297625221142,-1.5517996240557244
6.658190899228305,45.7125634677051,45.7125634677051,1.1555164877558353
6.635593082918298,46.52682670871959,46.52682670871959,1.9333758018880332
6.659799658109556,45.20532423321208,45.20532423321208,-2.9472390099051906
6.640228900647093,45.709877476884316,45.709877476884316,-0.7103595476563458
6.629657993514945,43.9374676006148,43.9374676006148,-1.0539054713183715
6.661133987854335,45.607266134389434,45.607266134389434,-0.47862385450587186
6.642634617458783,45.20748971050451,45.20748971050451,-1.175102179815519
6.642926808276307,44.22508815272631,44.22508815272631,-0.2431605030382089
6.6350587103288134,45.85102905400601,45.85102905400601,-1.830185381760121
6.649867134649938,46.11518559157648,46.11518559157648,0.8154086203459131
6.657154750716423,46.42736625938437,46.42736625938437,0.8247172145238564
6.625458966351205,45.62559779305225,45.62559779305225,-2.299334712894759
6.651482354148088,45.49699596970206,45.49699596970206,2.2235809024079765
6.6544365908677126,44.66211801304174,44.66211801304174,1.6585009447538868
6.634957281641511,44.3501856776021,44.3501856776021,0.5759958412783741
6.637851185646674,45.38014405208197,45.38014405208197,0.008367399962844024
6.656686281082593,46.21907072047523,46.21907072047523,-2.278672960527798
6.63638134087099,44.509752940561555,44.509752940561555,0.6965924615151063
6.6555857391422855,44.87554418459067,44.87554418459067,0.5940581566662875
6.642528428421166,44.77476433091706,44.77476433091706,-0.47398704403750547
6.640470309302373,44.9292126047921,44.9292126047921,2.268210333869147
6.641119889614249,44.44885735547071,44.44885735547071,0.34307857966876976
6.641609770381074,44.98641934768946,44.98641934768946,-0.14044516482726477
6.622773136525309,45.69020981564888,45.69020981564888,1.9116399401356485
6.638883164641491,47.469207077723965,47.469207077723965,-1.9981959586008955
6.639058668193032,45.202776050894755,45.202776050894755,-0.38286683896523
6.643466031997638,44.092236381220815,44.092236381220815,-0.26100127020946157
6.649032662626901,46.7387068292608,46.7387068292608,-3.3870586288386524
6.657247025271381,45.26125120352032,45.26125120352032,-1.8137291132393505
6.640956105067181,44.95813963969609,44.95813963969609,1.3948925354334358
6.640892936760031,43.16785460569755,43.16785460569755,0.8826535859523448
6.645723965634639,43.4654364525809,43.4654364525809,-0.3296457960968946
6.634050604126965,44.86694892458752,44.86694892458752,0.22629084070772126
6.622823473035108,44.53665261761398,44.53665261761398,1.1744469013391052
6.652482052056976,45.128730243359016,45.128730243359016,-4.478227703281014
6.64466554275605,45.082779034856785,45.082779034856785,0.5239057386449766
6.653564530142447,45.84446655507071,45.84446655507071,-0.43406617428051897
6.664402987994525,45.42001884545277,45.42001884545277,1.317142531305243
6.658526870395552,45.93479932668821,45.93479932668821,0.4725014886697876
6.655474318113511,44.82751527132643,44.82751527132643,-0.6539762389600466
6.650082132377586,45.62837271235026,45.62837271235026,1.1375577454890173
6.627040997241731,46.27638367877833,46.27638367877833,-0.23059551983893933
6.655826493172095,46.32487385433563,46.32487385433563,-0.6129401744359129
6.640257466592075,48.04389986435235,48.04389986435235,-3.5147080787248726
6.635124636348213,45.692328074899116,45.692328074899116,0.8056690074268694
6.6514931285929055,45.9315092562524,45.9315092562524,0.22404361110943238
6.6726741251438515,45.31564086081957,45.31564086081957,2.0462829072948203
6.66162087833162,45.51332479534478,45.51332479534478,1.4232464135654173
6.659291974067578,44.19379798212635,44.19379798212635,1.1990907286327497
6.6444151489305785,45.42237350259898,45.42237350259898,-0.490982744392226
6.6588113333963665,46.28239412419963,46.28239412419963,0.2950034682252405
6.650471161985957,43.84404498854844,43.84404498854844,0.013425379824214323
6.652549695328293,44.82062398478671,44.82062398478671,0.9264412109517058
6.661093729892885,44.74733547958607,44.74733547958607,1.2163559287058734
6.634451256315865,47.590771051427296,47.590771051427296,0.34058702312439215
6.632595407926676,44.934693353593865,44.934693353593865,2.5232124885760703
6.663021965102906,46.08388643176132,46.08388643176132,1.4237969995858801
6.626644738885029,46.479170889333226,46.479170889333226,-2.3799868278491836
6.643383184038458,45.874406735526634,45.874406735526634,0.2976173979064587
6.659961731986284,44.98884299778632,44.98884299778632,-0.3399754876476907
6.654945286769792,43.98360447068409,43.98360447068409,0.5791731848282244
6.635969854204385,45.71503568893883,45.71503568893883,0.2624029916362128
6.6312608149162475,44.959076233826956,44.959076233826956,-2.3253269392804494
6.654147844684499,44.13933116226531,44.13933116226531,-0.16824833258119432
6.64848046596666,46.39227158367342,46.39227158367342,0.024696075138987528
6.638727290986106,43.31766414161082,43.31766414161082,-0.5942936943138017
6.654808856395807,44.99818278342201,44.99818278342201,1.6032694119655808
6.641575040709112,44.81851941119276,44.81851941119276,-0.2288118167622593
6.632495435882717,45.32806219406557,45.32806219406557,-3.36294180482941
6.657947215774873,45.77720346424747,45.77720346424747,-1.1508631183178921
6.654577932819761,44.952363068865395,44.952363068865395,-0.11575938838010658
6.646274639206881,43.70736314812481,43.70736314812481,-1.6903374582654873
6.656695571166161,44.75293498822579,44.75293498822579,0.780288103156741
6.627322225478608,45.77032876869371,45.77032876869371,0.7003163342985099
6.644884586411576,45.59801409846284,45.59801409846284,2.034649468088549
6.633654127036195,44.77408597262426,44.77408597262426,0.6579839092466304
6.645685671365509,44.065447080931676,44.065447080931676,-1.8891886511487337
6.652601189865159,47.300865101358546,47.300865101358546,2.2251657490201993
6.64700410465991,46.18237652887623,46.18237652887623,-0.8133569036109253
6.668918214766561,45.415188312686745,45.415188312686745,2.2806988034773514
6.649101349010663,45.39099212197867,45.39099212197867,-0.9882420322687002
6.641246951356152,46.559723482926586,46.559723482926586,-0.017334117248935688
6.639270192235689,45.12608699545607,45.12608699545607,0.08339545501627194
6.621228073595105,43.725515087369224,43.725515087369224,0.4645426038086503
6.665672493584459,44.989143630123124,44.989143630123124,0.3199150884459663
6.655865907489818,46.1034088437339,46.1034088437339,0.16374674745268347
6.624409941364934,45.50116170572145,45.50116170572145,-0.40741340809316207
6.659195765753248,44.79264222164455,44.79264222164455,-0.42387570671998803
6.650617220512013,43.940354187122814,43.940354187122814,3.185314753260065
6.656221018933898,44.90120961028995,44.90120961028995,-0.48325674732667956
6.643510127714002,46.01112428454307,46.01112428454307,-1.3335344304911598
6.659586796191304,45.03714979253991,45.03714979253991,1.132285950954262
6.6344652008598235,43.77609773255757,43.77609773255757,1.2239198769307733
6.649763753153518,43.884749693840625,43.884749693840625,0.14844490404888688
6.651562013041677,44.538236842591814,44.538236842591814,-0.20255437973064538
6.646927056892581,44.906984619027234,44.906984619027234,1.9931272410350407
6.648651749252252,44.60844324238695,44.60844324238695,1.0187761290329924
6.640526673294156,45.92871018522817,45.92871018522817,-0.27696028957418517
6.667208273058646,46.14762070873242,46.14762070873242,-2.091482211083898
6.659897480278518,44.99659306258071,44.99659306258071,-0.2755351963334254
6.651605581769059,45.80796354324562,45.80796354324562,0.09654299727139887
6.652280621538274,47.169958300730976,47.169958300730976,0.38880294463230813
6.650068467504294,45.82284895846362,45.82284895846362,-0.8450875689336301
6.669051281665721,44.8275771915818,44.8275771915818,1.7331904040630386
6.653666011459915,45.80738927727076,45.80738927727076,1.038382403298327
6.658866479937522,45.1780145781792,45.1780145781792,0.3230361343629147
6.655087760475572,45.07885235745767,45.07885235745767,-0.72008301052203
6.668274639177419,44.98401898344445,44.98401898344445,0.09006558808579823
6.661350841825217,43.29504132640081,43.29504132640081,1.4377429210914043
6.651017772828818,44.192934448979805,44.192934448979805,-1.966129993520862
6.6332681007700245,43.58607233138906,43.58607233138906,-0.8034643819582367
6.644336902175642,46.787071744794616,46.787071744794616,-0.015044237715494624
6.630319769678705,44.411679117170046,44.411679117170046,0.4667026734522592
6.646250524468465,44.27580911937991,44.27580911937991,0.4652224494314112
6.640729308417315,45.51748072100134,45.51748072100134,0.7493317335957637
6.657069740986022,45.50541387087816,45.50541387087816,-0.4111450269544936
6.6613308880868125,43.66587267196843,43.66587267196843,0.6037464453746768
6.664693220446116,45.68438084868984,45.68438084868984,-0.4361308446669331
6.656226706549497,45.38236177201385,45.38236177201385,-0.4878278970634391
6.651817724185294,43.7715626324781,43.7715626324781,-1.0572419106243045
6.648761326705847,45.48162099408529,45.48162099408529,0.6539061653794822
6.632407931888584,46.844093335438984,46.844093335438984,1.0575267801317
6.628762475474176,43.34366565739752,43.34366565739752,0.7090041720643385
6.626491801888774,44.264614802077915,44.264614802077915,-0.308517611628224
6.658611213562812,45.141222115628004,45.141222115628004,-0.49595360587991977
6.65493479573048,47.5337004513132,47.5337004513132,-0.411835316209029
6.655878591235526,45.958543562717374,45.958543562717374,-0.3418548151140194
6.6601289870377425,44.860441252547,44.860441252547,1.7162964756273251
6.658605749544791,44.70515775590178,44.70515775590178,0.6035833136937782
6.627206947079694,46.42470156270403,46.42470156270403,0.3842388199783551
6.656886405096255,46.14205961994035,46.14205961994035,-0.3847359687437386
6.642632772482792,45.529476350454296,45.529476350454296,1.0082458053493077
6.641605377067263,43.95998946989191,43.95998946989191,-0.17513863730892443
6.656893644554529,45.708112350471815,45.708112350471815,-1.1762773300025722
6.642088648615888,44.78507590703275,44.78507590703275,2.8612604664215526
6.630497201352318,44.36309489106974,44.36309489106974,-0.3129340246286191
6.641474957558119,46.482708196285074,46.482708196285074,1.2965960321609853
6.6571215170923015,43.972910440919875,43.972910440919875,-1.9909366508015753
6.66361870762099,45.806202448098794,45.806202448098794,-2.3771361395489237
6.635074042579084,47.763248531424395,47.763248531424395,1.4219565727019954
6.640494981960428,43.79577866007435,43.79577866007435,-0.0812869606279365
6.643416804139271,46.827729566767196,46.827729566767196,-0.695190339521492
6.651822266019189,47.396655361758995,47.396655361758995,-0.4144348461151241
6.6541347340357975,46.69916103287866,46.69916103287866,-0.9679761377041359
6.644706666241646,44.87174750501256,44.87174750501256,-0.594948232609473
6.646809656100196,44.51010761383718,44.51010761383718,-2.3481810801283327
6.648865213138684,44.96746379162461,44.96746379162461,-1.4277817945170321
6.661144950381383,46.319366482795274,46.319366482795274,-0.5952538362440121
6.623656147517513,45.40038687625506,45.40038687625506,-0.9017493073268205
6.650775521510367,45.18335677726749,45.18335677726749,1.490073625497315
6.63810700130715,44.93727239820634,44.93727239820634,0.3942574906903562
6.646253140855868,44.98072448366016,44.98072448366016,-1.6473085723655778
6.652951118184557,47.0104578078431,47.0104578078431,-1.4425694318294233
6.657624592198365,46.40990599372635,46.40990599372635,-0.8448549466300561
6.653734709315774,46.30765549763084,46.30765549763084,0.03505269449664086
6.650086976705271,44.848175378970005,44.848175378970005,0.09716996226319863
6.658281341139887,44.26132744590425,44.26132744590425,-1.0140953280863974
6.646153480654502,45.97651092076056,45.97651092076056,-0.9318560318346183
6.653792930723111,46.78443921784922,46.78443921784922,1.7751541529306805
6.640565431981301,45.895860266389974,45.895860266389974,-1.0303781294079861
6.647916660806197,44.80000938286805,44.80000938286805,0.8065376274952644
6.652726441451112,45.19983850343081,45.19983850343081,1.2897572626494156
6.65628455293813,46.475253977185666,46.475253977185666,1.140165678655993
6.635262278566202,45.89451410569211,45.89451410569211,0.5596623113410446
6.642713409346806,45.73055904714358,45.73055904714358,3.4287456579088635
6.660385911165893,43.87574971804202,43.87574971804202,-0.7439384554703209
6.642033516955976,44.54610372432935,44.54610372432935,-0.2817418031024594
6.672778014683742,43.70836880235221,43.70836880235221,0.45634402539131114
6.647142337837472,45.87382708216732,45.87382708216732,1.849447977590836
6.643026090112707,44.34316725503126,44.34316725503126,1.5791981862231363
6.644051302208522,43.63863115647303,43.63863115647303,2.5004807867913286
6.627588117742389,46.35471119777607,46.35471119777607,-1.806614222651076
6.6558497085754205,45.57157500795853,45.57157500795853,-0.5051820320322646
6.636013905746187,45.15306699510417,45.15306699510417,0.17952304794218854
6.654476933688511,44.50142496717719,44.50142496717719,1.4916321660510095
6.6485272544703715,45.46317332099672,45.46317332099672,1.8852592481139783
6.658279908721543,43.47328338207894,43.47328338207894,-2.211865380545359
6.6612553374314105,43.72231529195562,43.72231529195562,0.29387346293509975
6.661883854312552,45.26620369028635,45.26620369028635,-0.04055104036973267
6.657518447446016,46.0761348330416,46.0761348330416,-0.784244963284707
6.644422541839832,46.62737527991127,46.62737527991127,-0.6687437295651734
6.655522836271261,43.789404969961154,43.789404969961154,1.228272407345231
6.654328283473578,43.96831887898831,43.96831887898831,-2.4579270140883813
6.658670195103439,45.274830899455154,45.274830899455154,1.2423441621439015
6.645621222065505,45.067704856406586,45.067704856406586,1.8907127450406915
6.607729108923492,44.09729502274515,44.09729502274515,2.8284360530188435
6.6267592680500345,44.8910605829921,44.8910605829921,-0.12279826853955683
6.664045728496471,46.117904736850406,46.117904736850406,-1.511551609675411
6.650382859589078,45.750254491339895,45.750254491339895,-1.289629354368619
6.6619023989674195,45.48066903428669,45.48066903428669,-2.1952524803263485
6.653136735233245,45.178182021094,45.178182021094,-1.1717720244169638
6.639108381835056,45.36208636823188,45.36208636823188,1.3325803086897148
6.63053909652932,45.38619137013663,45.38619137013663,-1.1580476116225082
6.637737069623238,45.81033561398847,45.81033561398847,1.4502200068070639
6.642680460477141,44.55062494658945,44.55062494658945,0.28104240918243373
6.6684047322684155,45.60174980243433,45.60174980243433,0.2795728539263488
6.621867209446446,44.8670026665369,44.8670026665369,2.1139263537493362
6.646338438649222,44.41519869765991,44.41519869765991,-0.8684852217327965
6.639441276041545,44.89112245791582,44.89112245791582,0.678958102250781
6.657935590975963,45.17508682141737,45.17508682141737,-0.755850410686949
6.642101602325132,44.62602346515378,44.62602346515378,-0.476215412522874
6.64244949155384,46.197664303681925,46.197664303681925,2.5493753708757474
6.638218647486483,44.63022619967139,44.63022619967139,-0.06779027470166885
6.645715060150716,46.1252817544182,46.1252817544182,0.5697995733803746
6.634071512954364,44.847120591246565,44.847120591246565,0.9251216867661557
6.63940647224662,45.28147707768783,45.28147707768783,0.9462837578035747
6.62254457549326,45.83614253290841,45.83614253290841,-0.5523390658789421
6.65693888491193,46.18395304246805,46.18395304246805,-5.583434877921777
6.639254861447825,44.44479648084919,44.44479648084919,-1.180717109800658
6.653841421804582,45.09828549256951,45.09828549256951,0.0570698725466241
6.65280909362812,45.746593359643924,45.746593359643924,-0.685913284466918
6.656811409440061,46.45356415404569,46.45356415404569,-2.0649568645056173
6.656120973134387,45.66931240715657,45.66931240715657,-1.3836215470410447
6.655565584077067,45.41003918941456,45.41003918941456,1.8540148028448917
6.626934665411577,44.89481671467369,44.89481671467369,1.3686772370850004
6.6511581348163125,45.63830038282481,45.63830038282481,2.6416381406730887
6.6384375934519575,46.35885362707392,46.35885362707392,1.6010355077236795
6.643510877980168,43.89693854143476,43.89693854143476,1.6546342330071857
6.633110190939905,45.57549012221202,45.57549012221202,0.808661982885511
6.6634897408923734,45.41177971502357,45.41177971502357,-0.31865627777644534
6.64993131170215,45.64123939873886,45.64123939873886,1.6279944593073266
6.6443827685767625,43.777072209101256,43.777072209101256,1.8147410017571572
6.63454191112319,47.23898881857778,47.23898881857778,1.113819053624304
6.6374952001879075,44.23063723694532,44.23063723694532,-1.1830454824847052
6.6698794224056925,45.99851375997685,45.99851375997685,1.025709108088204
6.65904587314011,45.15188885069199,45.15188885069199,-0.6924294088979757
6.644195516919174,47.62188381835169,47.62188381835169,-3.247519635667495
6.645811276906962,44.7342635094846,44.7342635094846,2.6521709253254544
6.652991912154429,45.89322956564406,45.89322956564406,-0.39428928669889457
6.6445042122969635,43.51475174331085,43.51475174331085,-0.8394440046496463
6.659593321003127,44.07167797546395,44.07167797546395,-3.0200232192475474
6.647160600552396,46.89653159954124,46.89653159954124,-2.245391597247548
6.664658719709513,43.93229359965172,43.93229359965172,1.4181144584458245
6.6549024597456965,44.47075202216181,44.47075202216181,0.08093900274250576
6.6474558992770385,45.27863979963076,45.27863979963076,-1.0196945946298794
6.652775477171743,45.06596491805494,45.06596491805494,2.2946635153084136
6.657480775718162,45.57570069909792,45.57570069909792,-0.3739206243035402
6.660351933520156,46.221371684582486,46.221371684582486,0.875104175062742
6.649486403163642,45.24233265417092,45.24233265417092,-1.1529189313489308
6.651952005835483,44.816891670985086,44.816891670985086,-2.4645159150747213
6.651257000578837,46.15428542273118,46.15428542273118,1.6390080833783622
6.631884670528757,43.76994351161676,43.76994351161676,0.03486416772309764
6.658936538732357,44.58793573584269,44.58793573584269,2.342130198325352
6.655126658485475,45.175916068991455,45.175916068991455,-0.26033817946727006
6.660280088123615,45.02488650453064,45.02488650453064,1.0481145240956768
6.637519006032887,44.75235905467528,44.75235905467528,-1.5014743336442593
6.649205827830951,45.109463104929354,45.109463104929354,-2.159396445722002
6.652951216846208,45.60138179118897,45.60138179118897,2.367736175194312
6.6604623890916,46.26892088805607,46.26892088805607,-1.585366102783241
6.651166991027607,45.60294465643605,45.60294465643605,-0.13998765865892193
6.643579117088433,43.79763601071581,43.79763601071581,-1.2453332497626695
6.667335316975819,46.81673762435726,46.81673762435726,-0.8534404570887075
6.650638600328081,44.89821107708443,44.89821107708443,-1.4118473463829877
6.666785498803689,45.265404674937066,45.265404674937066,2.2922191091033426
6.647093020187686,45.96207883784344,45.96207883784344,-1.1440974562702972
6.640092614318721,44.835819191332234,44.835819191332234,0.39896215697948667
6.615325951845694,45.90732886296516,45.90732886296516,0.02086671317258712
6.65546770733447,46.51481744909951,46.51481744909951,0.04134855023579742
6.643034186580584,46.29996124292589,46.29996124292589,2.1195914366364716
6.633074319327924,44.69662326246966,44.69662326246966,-0.8666275985333467
6.642465695726001,45.0806572719041,45.0806572719041,-1.3641500225132954
6.6591686783644874,44.20303271506105,44.20303271506105,0.4452326545780301
6.641554914510662,43.63400732701444,43.63400732701444,1.0246481145434392
6.665256228316595,45.11084632543428,45.11084632543428,1.3691286538424865
6.66963089190221,45.32228488743931,45.32228488743931,1.2169084745231034
6.642984748077037,45.49393802503719,45.49393802503719,0.5406875640369138
6.657374922652696,45.46845702589658,45.46845702589658,0.5252454233797488
6.64500299904216,45.23542773217948,45.23542773217948,-2.774987913502982
6.6440637801076345,47.06136014816279,47.06136014816279,-0.7689174924019906
6.63598682376517,44.2134379886054,44.2134379886054,1.5109501558292457
6.660967181739603,43.9255789447952,43.9255789447952,-2.043147629385077
6.642203712620452,44.66162523373102,44.66162523373102,0.2832664899628503
6.6549284273100175,44.22114888151353,44.22114888151353,0.7755306126590029
6.645850501458604,46.15866574826544,46.15866574826544,1.2732456536087196
6.631340443197529,44.347606461415204,44.347606461415204,1.1694512599730973
6.655236912687192,45.02661091880422,45.02661091880422,0.09818378733004507
6.658146638706793,44.95312243058028,44.95312243058028,0.7663858027398258
6.673570173063775,45.165271656217946,45.165271656217946,0.7145649881338609
6.638832823384445,45.74679251016847,45.74679251016847,0.5820631030454877
6.649746973398482,45.594277162247984,45.594277162247984,-1.020373490382293
6.6580078951214965,46.75818690559588,46.75818690559588,-0.8996619154226693
6.6572951992420215,44.639531068605905,44.639531068605905,0.7245342403231936
6.636295163183862,46.16924934202138,46.16924934202138,-0.8610745024398191
6.634664958176441,46.25616786204395,46.25616786204395,-3.7597293550340063
6.634056886290768,45.48632286177455,45.48632286177455,-0.47271280341267263
6.645367398457788,47.08378480829073,47.08378480829073,-1.494470502968713
6.620328338478027,45.07990620878408,45.07990620878408,1.4669517869213586
6.638964520817991,45.74516762134556,45.74516762134556,1.7715279912181439
6.64149956307598,46.7802018969025,46.7802018969025,-1.7485072424822672
6.649016331546875,45.4362056234296,45.4362056234296,-1.2903367987656937
6.6407078386027925,45.07601002370774,45.07601002370774,0.6709261662508039
6.610517533671121,47.28504455562394,47.28504455562394,-0.2039830169368651
6.610273865874054,44.156318171597185,44.156318171597185,2.023513286769024
6.63835029911596,44.24311246380749,44.24311246380749,2.2569817462409816
6.6478632658878585,44.606043349297714,44.606043349297714,-1.401948530898904
6.640577296848645,45.77524719969876,45.77524719969876,0.24917894219580056
6.644639002539177,45.18664650738944,45.18664650738944,-1.2945530154218743
6.658545522618462,43.839347084117755,43.839347084117755,-0.5174621249373097
6.639142845678071,44.48460024133091,44.48460024133091,1.30686161422519
6.62061272940804,46.23855900368617,46.23855900368617,1.3810635786517436
6.627644042937209,45.663723133452194,45.663723133452194,-2.5009535228537523
6.65966982158732,46.64653636643499,46.64653636643499,-0.45798214506021867
6.656391958041072,45.23853663218807,45.23853663218807,-1.0959848774648844
6.663677772184301,45.090954992527955,45.090954992527955,0.030722959904138175
6.655108803510091,44.493840619345356,44.493840619345356,-1.9651425066108725
6.651393355965094,46.47428995655077,46.47428995655077,-0.1860559818317602
6.639369600651957,45.009719743155415,45.009719743155415,0.5039256009714396
6.659377954007681,45.00346310207563,45.00346310207563,0.7453435921482032
6.651999491893207,46.10552378175778,46.10552378175778,-2.975344558802309
6.644373506533009,44.945201687302585,44.945201687302585,-0.932760092832362
6.653899389236313,45.01013817982096,45.01013817982096,0.549161041766909
6.64681211906405,44.16136859682558,44.16136859682558,0.12653560033478145
6.644416300562451,45.414797828793134,45.414797828793134,0.10177105946171183
6.648690067244756,46.07100648043556,46.07100648043556,-2.4016928381972016
6.6694609366240964,44.60641790252278,44.60641790252278,4.034079075991005
6.653560920135982,44.1475458131338,44.1475458131338,-2.07827105914323
6.634221926723452,45.828821023244195,45.828821023244195,1.466913018936191
6.642962650190353,45.19174834362309,45.19174834362309,-1.6383094837906231
6.629398908941361,44.72804247880844,44.72804247880844,1.2840553488960458
6.655097046170821,43.77837468805902,43.77837468805902,0.028537379713006517
6.6583779218020664,43.00020169230471,43.00020169230471,-0.09708170188267604
6.651224950556212,46.59331031086129,46.59331031086129,2.489037050904492
6.635351618287362,44.58628975159605,44.58628975159605,-2.5972264223537644
6.651564453368658,44.12436992974697,44.12436992974697,-0.6016253525613934
6.6351674644678695,46.247059652389474,46.247059652389474,-0.11264547134885139
6.635211450512922,45.540336759036876,45.540336759036876,-1.6865539995953889
6.6479679160576755,45.311313400792464,45.311313400792464,-1.227463563600044
6.643329953614501,46.197793722464795,46.197793722464795,0.3474920727708969
6.657849691270291,45.307314125431354,45.307314125431354,-0.3809521387075765
6.627871130070983,44.921323719460794,44.921323719460794,-0.05440443107839704
6.654660334226996,43.77843313454954,43.77843313454954,0.31710860472356184
6.654056999883449,45.1570674273123,45.1570674273123,-1.3488475371484467
6.656412765413853,46.73263988228909,46.73263988228909,3.4097143697494734
6.64188434613871,44.08484253179161,44.08484253179161,-0.5867869343984295
6.657357521026085,44.486466492943926,44.486466492943926,-0.376243199106852
6.648755812987053,46.736558977321025,46.736558977321025,3.9635012681524406
6.6325418430359155,44.45183029957033,44.45183029957033,-0.252491619417092
6.6480574878482095,45.346244085892216,45.346244085892216,0.25699795399249725
6.659159415290774,44.20732355443373,44.20732355443373,-2.364195469773734
6.62842446664629,45.72563714916795,45.72563714916795,0.4361657940141329
6.656720885993774,45.785202033389005,45.785202033389005,-2.8659055130758624
6.62682973985444,46.46289995749558,46.46289995749558,3.096614544780826
6.65340716104059,44.55909901592868,44.55909901592868,0.7621904343745574
6.644406959636071,47.45310815683811,47.45310815683811,0.12104963541052705
6.654644228128347,42.68567183852525,42.68567183852525,-0.4838449524438254
6.642082546825566,45.29696970691664,45.29696970691664,-0.1143826178291428
6.652261594858977,45.43093316360891,45.43093316360891,-0.9856716103742342
6.64202094405291,46.3430352535221,46.3430352535221,1.8360891426984431
6.653526637104926,44.454290432773746,44.454290432773746,-0.31797010333957393
6.648854972664115,46.13213793446968,46.13213793446968,0.261170474250602
6.661285216753253,44.23096194834937,44.23096194834937,1.2947665034127163
6.644076843666516,45.65390527445749,45.65390527445749,-0.868915823303967
6.629403491668975,46.983741288316715,46.983741288316715,-1.297137354206757
6.674421958276509,45.16852115461466,45.16852115461466,0.9050076988665644
6.6517396506488184,46.0864020593908,46.0864020593908,2.1522325257267707
6.647940685951568,45.76792936778269,45.76792936778269,-0.054826504923972896
6.640816668914491,44.563790851233904,44.563790851233904,1.5118198697321112
6.640052137935136,45.0497482503763,45.0497482503763,-1.1068194299373761
6.6385400062740665,47.16201699239619,47.16201699239619,-0.47331342600156545
6.652268316211526,45.48992761171065,45.48992761171065,-0.4413677374030942
6.666850138506107,47.900435788842884,47.900435788842884,1.6428334401141003
6.623006447376152,44.96141488484047,44.96141488484047,1.0471273372769763
6.64697395082934,45.82769183577796,45.82769183577796,0.9742207623256988
6.634162073738272,44.73121044941326,44.73121044941326,1.0473633993716291
6.649104541318195,43.620056206595414,43.620056206595414,1.009830122638411
6.624971107600292,45.19664558905197,45.19664558905197,1.626106635975404
6.644357082099441,46.32721148718247,46.32721148718247,0.20300887674367524
6.650942678282334,45.498512595534244,45.498512595534244,-2.3832076316496664
6.640999428020857,45.92027598446853,45.92027598446853,2.2528289099293604
6.639630921558902,45.19407036609872,45.19407036609872,0.1674205425534141
6.645586462179459,44.99831427308293,44.99831427308293,1.3870368175306116
6.658695761983199,45.99855402266165,45.99855402266165,-1.1628737863272591
6.641585207108783,45.254605464862436,45.254605464862436,0.9758367805922064
6.63433258992162,43.44354593757827,43.44354593757827,-1.8283266831138762
6.650372472122337,45.751384585627896,45.751384585627896,0.5940393709758267
6.651130146900297,45.89269004376471,45.89269004376471,-1.1603363077645783
6.649965284146292,45.18600713585704,45.18600713585704,0.26271872980756666
6.642450868690247,44.78272392036198,44.78272392036198,-1.1539361087047635
6.645866342451875,44.11326940952575,44.11326940952575,2.4451175738877096
6.649915183292384,44.914730947545834,44.914730947545834,1.8929626180529162
6.637114991888779,45.58661561776286,45.58661561776286,-1.0231336778324167
6.664320182990217,44.855411281575655,44.855411281575655,-0.8481940782164816
6.65024812503731,44.888225048081146,44.888225048081146,-0.12819390289053045
6.651611470521173,44.55018176533598,44.55018176533598,1.1368725880789443
6.653192870955641,44.38205129833634,44.38205129833634,2.806470043069573
6.640821194943549,46.71601580525349,46.71601580525349,1.590483030690148
6.635656982665152,44.51945683475055,44.51945683475055,-0.15599574982031095
6.646694657774314,45.4727254320948,45.4727254320948,-0.6722495796071556
6.647404347474039,45.42462829243391,45.42462829243391,0.005563673004509662
6.650076962787701,45.48090325640398,45.48090325640398,3.0664334147151298
6.664385014076726,44.377276175481285,44.377276175481285,1.3356839994354126
6.6582873017797235,46.200533115244816,46.200533115244816,-0.2198184775930978
6.645245080427076,45.25422616308218,45.25422616308218,-2.6735827005144115
6.648437839959884,44.91359288030548,44.91359288030548,1.8509624315447126
6.634391803202417,46.692927232903486,46.692927232903486,2.394417499528
6.643671199465158,44.52143259367241,44.52143259367241,-1.2756590633317206
6.65582001332341,43.725592634722254,43.725592634722254,-1.6851369958656928
6.641359539872972,45.43656080359037,45.43656080359037,-3.4496808137905317
6.6484652244607325,46.65804905008368,46.65804905008368,-1.5429940204887007
6.644616057955455,45.505887069873566,45.505887069873566,0.4423625025343755
6.64908567104205,44.003352049994085,44.003352049994085,-0.3817392081234711
6.630142769435958,44.31537861347952,44.31537861347952,-1.3267769938678062
6.653223115539612,44.650749517340884,44.650749517340884,0.6110671793043284
6.644618282318319,45.79714182347908,45.79714182347908,0.002601972062038882
6.644723720542677,45.65716656466527,45.65716656466527,-0.3989117753364724
6.654933667407679,44.073507347581355,44.073507347581355,-0.6693360106415618
6.6504158473495885,44.82801770207912,44.82801770207912,-0.026310953565132245
6.648646354800812,45.330966311072444,45.330966311072444,0.9145138637159596
6.644700646112596,45.75971977594503,45.75971977594503,-1.370016468313806
6.65549877358083,45.14236077678671,45.14236077678671,-2.952454127401856
6.64077612077773,43.66362205798781,43.66362205798781,3.651733039327725
6.649683029331942,45.77887621151044,45.77887621151044,1.0394970923033757
6.645641667786608,45.60085371084847,45.60085371084847,-0.378139527378589
6.62281706094185,46.54906842717381,46.54906842717381,1.2390678195195504
6.648907051154266,45.40084208360433,45.40084208360433,-2.728723828759053
6.6544248624916085,44.21299822561926,44.21299822561926,1.533207748308171
6.642367586484026,45.79897449822652,45.79897449822652,1.0656105622212297
6.63258975833794,43.68943710464284,43.68943710464284,-0.16542776246472246
6.616096522539648,45.781051004880084,45.781051004880084,1.6143300777204694
6.643169861709058,45.04356929021838,45.04356929021838,0.8686143413159748
6.65008804298318,44.276321955243404,44.276321955243404,0.42173697923682346
6.627505019782335,44.33786860584592,44.33786860584592,1.1925702511509984
6.632833877018913,46.24014036609464,46.24014036609464,1.8317860978650538
6.631651019450446,45.56459528233277,45.56459528233277,-0.44162634167098613
6.652413400218574,45.444569318348414,45.444569318348414,2.0800125714995934
6.636438705981242,45.155065799898125,45.155065799898125,0.15249008105412531
6.64709482975128,44.35224672763439,44.35224672763439,-1.9450744731473528
6.6597617904093624,45.968905766968426,45.968905766968426,-2.2551495842192515
6.656742263149187,44.52777467587403,44.52777467587403,1.4064564569249962
6.672106180128308,44.691136582858775,44.691136582858775,-1.5669998847624735
6.633448896886884,45.80988735520214,45.80988735520214,-1.4759721207921026
6.643239203636062,45.5067837439651,45.5067837439651,-0.949757742085983
6.666824496389308,45.52591247397634,45.52591247397634,-0.507259170502509
6.624731286760084,44.483182972676495,44.483182972676495,0.667960025675399
6.633471058711977,45.07002228848927,45.07002228848927,1.0829293006065173
6.639311452921649,44.553169813295,44.553169813295,0.5568538421019305
6.673177354521178,45.17615079419839,45.17615079419839,2.3684838751817017
6.62944085134575,43.7813235291566,43.7813235291566,1.0157851252721641
6.645024711884714,45.42662780025673,45.42662780025673,0.07516366866380342
6.64097549826738,44.56178953769522,44.56178953769522,-1.4620201780871023
6.660657177449572,45.6098939662623,45.6098939662623,1.2931255777297197
6.665111875242365,44.842647410215385,44.842647410215385,0.5777178634013054
6.639888007126911,45.48710107066713,45.48710107066713,-1.0326019835456917
6.636346754104123,44.60448996099089,44.60448996099089,-0.7195454703523168
6.659732569841053,46.95790298810102,46.95790298810102,-1.2353990820691745
6.669585619728548,45.567037030364226,45.567037030364226,-1.6794393689538265
6.652851595995151,47.457917073988405,47.457917073988405,-1.1810463356903054
6.652669120886978,45.90173490560356,45.90173490560356,0.15527592235877585
6.6375790103480234,45.754262784508704,45.754262784508704,2.6788538022207398
6.639853712107183,43.49970599746182,43.49970599746182,-1.0662090983221566
6.639536454505282,44.63305357832518,44.63305357832518,1.3090772701061888
6.655820989169756,45.04736098039454,45.04736098039454,1.4423746021793495
6.622632915775922,46.75403479059109,46.75403479059109,0.5583406757018554
6.6502957748343015,43.183546917380276,43.183546917380276,-0.6396974278586891
6.638821964744171,43.11275127626467,43.11275127626467,1.3700987213078764
6.657254785074652,45.01528894397583,45.01528894397583,0.45549364014457266
6.660916630707129,46.29511116377708,46.29511116377708,1.8948051436471096
6.641062649390914,44.230447978534755,44.230447978534755,-0.28390565430836867
6.649837431154698,44.743971588694734,44.743971588694734,2.037963559699943
6.627876712259797,45.628575632912955,45.628575632912955,0.696644467357684
6.634563496318318,45.47421125456232,45.47421125456232,0.6455586084806293
6.646717576797107,46.1669432105815,46.1669432105815,2.649927917630687
6.645382228999434,47.37518490196324,47.37518490196324,0.4369423852925731
6.668835764776181,44.37120446577353,44.37120446577353,1.7988263928443184
6.658119607630015,44.059402909908464,44.059402909908464,3.032983596682974
6.646307441354812,46.16806803246146,46.16806803246146,-0.7778918162717141
6.64335431454455,44.756548531871104,44.756548531871104,-2.4085330379259573
6.660692645006103,45.10759851300111,45.10759851300111,-1.057352275157757
6.668872866439607,43.990718638565546,43.990718638565546,-1.8978315287238536
6.648481110652638,45.64029892985676,45.64029892985676,2.5923759530979495
6.641702460911928,45.337513445606234,45.337513445606234,1.0110896100775548
6.637515895515439,45.664075590132285,45.664075590132285,1.3309713176461997
6.640990003674492,44.91529406850714,44.91529406850714,2.1927700807751
6.640565309985246,45.26006343928814,45.26006343928814,-0.10939367692093926
6.650876299370102,46.05073231965722,46.05073231965722,2.2341137333258034
6.654909633965115,45.32553805175459,45.32553805175459,-0.24074680953036398
6.647922255965024,47.273869813889384,47.273869813889384,0.8087932523202216
6.649523215462541,45.99831467965183,45.99831467965183,1.5001212950082965
6.664283773283568,46.32996409446343,46.32996409446343,-0.6765827735235739
6.648611757092857,46.9269092733997,46.9269092733997,-1.6798966203505938
6.643394140285761,44.29729916439133,44.29729916439133,0.8153192715801444
6.658622552797886,46.09064502144042,46.09064502144042,2.3739333463345753
6.661912942223335,47.345713754125136,47.345713754125136,1.0348764809052153
6.636597529937055,45.755834497755025,45.755834497755025,-1.3330508412411646
6.652300829032853,45.054223579153614,45.054223579153614,1.077672238199106
6.6486520876172355,44.80587173329034,44.80587173329034,0.9884551089503234
6.660487167195008,45.205549865216604,45.205549865216604,0.47312234410592
6.636139467449325,45.41828953824069,45.41828953824069,-0.3519137819181457
6.636070078794029,45.49585868391857,45.49585868391857,-0.9623169242660481
6.666796927480291,46.562319595386505,46.562319595386505,1.362662866117146
6.627335664112815,45.147071143385595,45.147071143385595,0.6598978224311914
6.641943831011869,45.26502285711496,45.26502285711496,3.01377535392362
6.635438908278172,46.10434943132547,46.10434943132547,1.1404022642072547
6.6557372650530855,43.40018691560585,43.40018691560585,-1.9498154498457978
6.650640462721324,45.6009893941443,45.6009893941443,2.8769037691973622
6.647379022808154,44.96147299673934,44.96147299673934,-1.4789605253087952
6.659025152826695,45.75481446469824,45.75481446469824,-3.144827189009497
6.645908882729612,45.49541337498313,45.49541337498313,-0.8077688662454068
6.658963892670322,43.72214204451115,43.72214204451115,-0.1187479830068871
6.65828814707381,45.31952951014594,45.31952951014594,-1.610137621066396
6.652337122364268,43.45568915891183,43.45568915891183,0.5257409521457397
6.668748736857704,45.74319860308724,45.74319860308724,1.8408109288194603
6.649680643950476,46.228768187584,46.228768187584,2.3430434692048276
6.664502387742413,44.91466738610175,44.91466738610175,0.7008798804750164
6.6431719471982085,45.74423456679762,45.74423456679762,-3.6950603245979416
6.657796593396983,44.3448968243641,44.3448968243641,-1.9232441557077635
6.6526697192666555,43.20364983662765,43.20364983662765,3.954781080357272
6.675990927773697,45.6814702851911,45.6814702851911,-2.030943422809006
6.654463365578266,42.7811380958132,42.7811380958132,2.4046464787076856
6.642889019531162,44.43604511827167,44.43604511827167,0.13073516371501942
6.640352407881732,44.69460306727619,44.69460306727619,-1.260312744113203
6.63098135222084,46.661765812807694,46.661765812807694,0.47671041374272094
6.638616833515451,44.86645465180075,44.86645465180075,0.765966569978658
6.618595259647041,44.772373820546754,44.772373820546754,2.449499475090571
6.648596690602348,45.403120618235164,45.403120618235164,-0.35128022122067515
6.664471003397667,45.114207232745926,45.114207232745926,2.49962421133182
6.6445182213800145,44.10395274117589,44.10395274117589,-0.3652332865871006
6.669216710810705,44.08894507142408,44.08894507142408,0.7982654876391018
6.643821062064424,45.93701015689092,45.93701015689092,-0.017129000962258667
6.637996272926471,44.65942323023178,44.65942323023178,1.1504027780957404
6.652254173624492,46.032720187980196,46.032720187980196,1.5816490586596403
6.669063196607963,43.81701464344638,43.81701464344638,1.7403490769268504
6.6520099307382825,44.76998724224405,44.76998724224405,-1.0134464190667207
6.64768039676774,47.280087048532856,47.280087048532856,-0.6679961435012403
6.645877448604571,44.28267687723875,44.28267687723875,-1.7765460216343811
6.6435374205503575,45.750981476115946,45.750981476115946,0.8557392910922113
6.660676885769439,45.55824654510078,45.55824654510078,0.46936747012343955
6.641477186292816,44.90757089507819,44.90757089507819,1.9273798202190822
6.645132435147158,44.4413912954171,44.4413912954171,-0.5671620096779688
6.642238481184038,45.515927283470226,45.515927283470226,0.6107134291573026
6.6501311275369535,43.04466258218239,43.04466258218239,1.9464427306076324
6.649043412165759,45.69829768288986,45.69829768288986,-0.3481961920199798
6.629094940474488,46.27228058227004,46.27228058227004,-0.7488519786959063
6.649523591684432,44.54239906131753,44.54239906131753,-2.3668463282100394
6.6418042740481,43.77150529613659,43.77150529613659,-0.5400783046651254
6.657965529418292,44.04073690548843,44.04073690548843,0.26279701238011244
6.6400854291772955,46.234228533721975,46.234228533721975,0.3204169221236283
6.657144141879603,45.86341991151465,45.86341991151465,0.3965091593146213
6.654914653694975,45.39542457117608,45.39542457117608,-2.1978730631275707
6.657040687910111,45.363451368727034,45.363451368727034,0.9858681409390492
6.658862287931874,44.57519615037397,44.57519615037397,0.6472944577459833
6.650991999320422,43.72568848801074,43.72568848801074,-3.050045937161237
6.651400486193767,44.244313901986935,44.244313901986935,-1.8379919836764689
6.6356098102567,45.22483764626466,45.22483764626466,0.48802241877748687
6.651635465859194,44.49795043358475,44.49795043358475,0.8725964566475851
6.632838878811613,44.97099781359249,44.97099781359249,2.2805057782198213
6.6517542486003185,45.38815101690477,45.38815101690477,-1.9304947691879661
6.654435655144037,44.78685030623883,44.78685030623883,-0.7521284656117377
6.635183559504412,44.30667396861202,44.30667396861202,-1.391568924343673
6.625278850067358,44.32266749141302,44.32266749141302,-0.44323652389292856
6.641654392715677,46.626963711827564,46.626963711827564,-1.3656187346444493
6.648633905394161,46.21143170520234,46.21143170520234,0.981692852170211
6.6314824153325596,45.93629975138075,45.93629975138075,1.2854929671716808
6.657538126997797,45.05374217492244,45.05374217492244,-0.867962946120497
6.66197947784592,45.611835873385864,45.611835873385864,1.9671053739431288
6.640491407802992,46.97597833634184,46.97597833634184,-1.0573994641954219
6.653391012033455,46.065813978282755,46.065813978282755,0.8125335961238607
6.660216217038773,45.01560242894846,45.01560242894846,0.43519521217801826
6.659051642135434,46.08215814014216,46.08215814014216,-0.1660399757632376
6.658486838498646,44.777083559290446,44.777083559290446,2.4038570032012156
6.6339564860078415,45.95643839624647,45.95643839624647,0.3797157008461788
6.655141341222451,46.4548076576974,46.4548076576974,2.397627132790065
6.6504735065226495,44.57097020574902,44.57097020574902,-0.9945738631088036
6.661291784451091,46.81887112513803,46.81887112513803,-0.06758528457433843
6.645255078348786,46.99650786394444,46.99650786394444,-2.313913232285322
6.651467996027465,43.15195631718978,43.15195631718978,1.165632999913161
6.649014778242095,44.19234315219527,44.19234315219527,0.0339244515775845
6.652860851283224,44.71934466817366,44.71934466817366,-0.42082368934604797
6.639812225721875,46.687919306732546,46.687919306732546,-1.2650625063032275
6.65969831130474,44.92036432219526,44.92036432219526,1.037791665223377
6.649315351158708,44.08477068045955,44.08477068045955,0.2226968039416648
6.6530192407604325,45.92461457537238,45.92461457537238,-0.7650276676426618
6.663449353016784,43.23606930454083,43.23606930454083,-0.7041685893855608
6.656467287889029,47.032814707489386,47.032814707489386,-1.4449936368080518
6.677560591296119,46.28473551647336,46.28473551647336,0.42139774524952006
6.629589059276985,45.46604090746738,45.46604090746738,-0.9397491424611646
6.654488218921218,45.66990264198795,45.66990264198795,-0.7614556783950841
6.633630559099235,45.33214051265733,45.33214051265733,0.03463190893897883
6.644141941562241,44.158284864439025,44.158284864439025,-0.9549511422215344
6.635227506597738,46.01709733407313,46.01709733407313,-1.5740327990152654
6.635114786344827,45.46889126349765,45.46889126349765,1.080071925940648
6.63859218224449,45.98679286551466,45.98679286551466,0.4999780240515731
6.637010008999564,44.22837731404548,44.22837731404548,0.5679477313020854
6.630013274340772,44.26555299118939,44.26555299118939,-0.24445695333795475
6.652707489012996,44.868326526329014,44.868326526329014,-0.5248459517364518
6.631423768213686,43.75393806272781,43.75393806272781,-2.7777078701756857
6.6501306211127975,44.22094121326526,44.22094121326526,1.8829622977773315
6.6585379727208,43.478293649172365,43.478293649172365,0.17431108482066854
6.65813062797564,44.98196178271878,44.98196178271878,1.5092074627956031
6.63964374329457,44.10868820704215,44.10868820704215,-0.2161283540009057
6.653307651332508,44.399245721012306,44.399245721012306,0.7586656408781814
6.652818331655558,45.57758728196285,45.57758728196285,0.2135173764399892
6.646339920361104,44.613273264866244,44.613273264866244,-1.7372960448459782
6.660208877863891,45.88768265996985,45.88768265996985,0.8364546646324746
6.657721095299192,45.58572880995446,45.58572880995446,0.45044173852120184
6.645339579281616,45.33028432035489,45.33028432035489,-2.133156150553789
6.6503198897359175,44.56314819470714,44.56314819470714,0.186665536406609
6.65381963358567,45.59856274782387,45.59856274782387,-1.2944906233769218
6.634919723402611,45.05938169331964,45.05938169331964,-0.5067732857900458
6.6508482630380765,44.64312403629483,44.64312403629483,-0.6018335351061934
6.624155183978682,45.201945853921075,45.201945853921075,-1.6277344084597876
6.645120266816567,47.229662818989304,47.229662818989304,0.7042679394667827
6.638033520683123,45.5635873547384,45.5635873547384,-0.6945592280524944
6.645702618804226,46.078803142607,46.078803142607,-1.50303558882201
6.644379652301277,43.781009508494094,43.781009508494094,-2.1709095951255053
6.644999655229091,44.802580617053074,44.802580617053074,-0.9050591244663053
6.650781215941498,44.46740937486605,44.46740937486605,-0.27978328374142675
6.6524599977924295,46.43266630070652,46.43266630070652,-0.9251435158229047
6.650201983490556,44.52477963255523,44.52477963255523,1.7870315822967513
6.635961539956336,47.01934371672547,47.01934371672547,-0.7537340202970388
6.660313993030471,44.23796936700317,44.23796936700317,-0.5141945062862849
6.662944712543586,44.651892869515784,44.651892869515784,-1.1809449539762913
6.626486912430723,46.2912796663751,46.2912796663751,0.49362248523481367
6.640196563256855,45.383260155931474,45.383260155931474,-0.19549612248569237
6.634142588783709,48.258431802193165,48.258431802193165,0.7979581346008908
6.650326527258233,43.82435548862813,43.82435548862813,1.3483015251557984
6.680612094739359,45.8871841791058,45.8871841791058,0.14978587591476056
6.647972565507209,44.14752554961794,44.14752554961794,1.876784755911129
6.641101819843242,43.666503861964486,43.666503861964486,0.3035815830211528
6.6540292040911275,45.044916033996024,45.044916033996024,-1.1692381302754422
6.640707859192311,45.35364215603702,45.35364215603702,-0.32238927927580996
6.650318736840918,43.924998281561216,43.924998281561216,0.09142174841410453
6.643465231700111,44.893688999303485,44.893688999303485,-1.1091283726832173
6.631630759745098,46.095509047258936,46.095509047258936,0.14707894041759673
6.660939936024413,43.558159964051995,43.558159964051995,1.75315579154068
6.652264512673258,46.285897758005106,46.285897758005106,-0.9176590794254847
6.635195497651223,44.89930308023074,44.89930308023074,1.0193234463918688
6.646107772185903,43.9260779918967,43.9260779918967,0.6963426815769349
6.624521828339322,45.053506626061825,45.053506626061825,-0.2957126756515438
6.6687777563025294,45.02081896465658,45.02081896465658,-1.1648465849118035
6.656778977053042,45.49266700544792,45.49266700544792,-2.4251345308202596
6.657501759788784,45.7769056997648,45.7769056997648,2.349341556054322
6.636372379368824,42.82636035527577,42.82636035527577,-0.42933689684325615
6.641231795676015,43.24464769972673,43.24464769972673,-0.9031330090126068
6.64455169800977,44.08647599388529,44.08647599388529,-0.4232792562079779
6.62935732777853,45.13742353287124,45.13742353287124,0.005776818820047214
6.6434635209909745,47.060208678213996,47.060208678213996,1.9220712356672325
6.648483374059025,44.59532532334999,44.59532532334999,-1.7227042452765644
